{
  "core-js": {
    "bundle": "polyfills",
    "version": "2.5.1"
  },
  "zone.js": {
    "bundle": "polyfills",
    "version": "0.7.8"
  },
  "@angular/platform-browser": {
    "bundle": "vendor",
    "version": "2.4.10"
  },
  "@angular/platform-browser-dynamic": {
    "bundle": "vendor",
    "version": "2.4.10"
  },
  "@angular/core": {
    "bundle": "vendor",
    "version": "2.4.10"
  },
  "@angular/common": {
    "bundle": "vendor",
    "version": "2.4.10"
  },
  "@angular/forms": {
    "bundle": "vendor",
    "version": "2.4.10"
  },
  "@angular/http": {
    "bundle": "vendor",
    "version": "2.4.10"
  },
  "@angular/router": {
    "bundle": "vendor",
    "version": "3.4.10"
  },
  "@angularclass/hmr": {
    "bundle": "vendor",
    "version": "2.1.3"
  },
  "rxjs": {
    "bundle": "vendor",
    "version": "5.5.12"
  }
}