{
  "name": "Examination",
  "plural": "Examinations",
  "base": "PersistedModel",
  "idInjection": true,
  "options": {
    "validateUpsert": true
  },
  "mixins": {
    "Audit": true
  },
  "properties": {
    "name": {
      "type": "string",
      "required": true
    },
    "duration": {
      "type": "string"
    },
    "backgroundColor": {
      "type": "string"
    },
    "color": {
      "type": "string"
    },
    "code": {
      "type": "string"
    }
  },
  "validations": [],
  "relations": {},
  "acls": [],
  "methods": {}
}
